parent_release_id,dependency_count
ai.h2o:h2o-core:0.1.13,9
ai.h2o:h2o-core:0.1.10,9
ai.h2o:h2o-core:0.1.18,11
ai.h2o:h2o-core:0.1.11,9
ai.h2o:h2o-core:0.1.12,9
ai.h2o:h2o-core:0.1.16,11
ai.h2o:h2o-core:0.1.17,11
ai.h2o:h2o-core:0.1.14,11
ai.h2o:h2o-core:0.1.15,11
ai.h2o:h2o-core:0.1.19,11
ai.h2o:h2o-core:0.1.23,12
ai.h2o:h2o-core:0.1.4,8
ai.h2o:h2o-core:0.1.24,12
ai.h2o:h2o-core:0.1.21,11
ai.h2o:h2o-core:0.1.3,9
ai.h2o:h2o-core:0.1.20,11
ai.h2o:h2o-core:0.1.3.1,9
ai.h2o:h2o-core:0.1.25,12
ai.h2o:h2o-core:0.1.5,8
ai.h2o:h2o-core:0.1.6,8
ai.h2o:h2o-core:0.1.8,8
ai.h2o:h2o-core:0.2.3.5,13
ai.h2o:h2o-core:0.1.9,8
ai.h2o:h2o-core:3.0.0.12,13
ai.h2o:h2o-core:0.2.3.6,13
ai.h2o:h2o-core:3.0.0.16,13
ai.h2o:h2o-core:3.0.0.18,13
ai.h2o:h2o-core:3.0.0.26,14
ai.h2o:h2o-core:3.0.0.8,13
ai.h2o:h2o-core:3.0.0.22,13
ai.h2o:h2o-core:3.0.1.2,16
ai.h2o:h2o-core:3.0.0.30,14
ai.h2o:h2o-core:3.0.0.25,14
ai.h2o:h2o-core:3.0.0.19,13
ai.h2o:h2o-core:0.1.22,12
ai.h2o:h2o-core:3.0.0.5,13
ai.h2o:h2o-core:3.0.1.3,16
ai.h2o:h2o-core:3.10.0.10,19
ai.h2o:h2o-core:3.10.0.1,19
ai.h2o:h2o-core:3.10.0.6,19
ai.h2o:h2o-core:3.10.0.4,19
ai.h2o:h2o-core:3.10.0.5,19
ai.h2o:h2o-core:3.10.0.2,19
ai.h2o:h2o-core:3.10.0.3,19
ai.h2o:h2o-core:3.0.1.4,16
ai.h2o:h2o-core:3.10.0.7,19
ai.h2o:h2o-core:3.10.0.8,19
ai.h2o:h2o-core:3.10.0.9,19
ai.h2o:h2o-core:3.10.1.2,19
ai.h2o:h2o-core:3.10.2.1,19
ai.h2o:h2o-core:3.10.2.2,19
ai.h2o:h2o-core:3.10.1.1,19
ai.h2o:h2o-core:3.10.3.1,18
ai.h2o:h2o-core:3.10.3.2,18
ai.h2o:h2o-core:3.10.3.3,15
ai.h2o:h2o-core:3.10.3.4,15
ai.h2o:h2o-core:3.10.3.6,15
ai.h2o:h2o-core:3.10.3.5,15
ai.h2o:h2o-core:3.10.4.2,15
ai.h2o:h2o-core:3.10.4.12,16
ai.h2o:h2o-core:3.10.4.1,15
ai.h2o:h2o-core:3.10.4.11,16
ai.h2o:h2o-core:3.10.4.3,15
ai.h2o:h2o-core:3.10.4.6,16
ai.h2o:h2o-core:3.10.4.5,16
ai.h2o:h2o-core:3.10.4.4,16
ai.h2o:h2o-core:3.10.4.7,16
ai.h2o:h2o-core:3.10.4.8,16
ai.h2o:h2o-core:3.10.4.9,16
ai.h2o:h2o-core:3.10.5.1,17
ai.h2o:h2o-core:3.10.5.4,17
ai.h2o:h2o-core:3.14.0.2,16
ai.h2o:h2o-core:3.10.5.2,17
ai.h2o:h2o-core:3.14.0.1,16
ai.h2o:h2o-core:3.10.5.3,17
ai.h2o:h2o-core:3.12.0.1,17
ai.h2o:h2o-core:3.14.0.3,16
ai.h2o:h2o-core:3.14.0.4,16
ai.h2o:h2o-core:3.16.0.1,16
ai.h2o:h2o-core:3.14.0.7,16
ai.h2o:h2o-core:3.14.0.5,16
ai.h2o:h2o-core:3.14.0.6,16
ai.h2o:h2o-core:3.16.0.4,16
ai.h2o:h2o-core:3.16.0.10,16
ai.h2o:h2o-core:3.16.0.12,15
ai.h2o:h2o-core:3.16.0.11,16
ai.h2o:h2o-core:3.16.0.3,16
ai.h2o:h2o-core:3.16.0.2,16
ai.h2o:h2o-core:3.16.0.8,16
ai.h2o:h2o-core:3.16.0.6,16
ai.h2o:h2o-core:3.16.0.7,16
ai.h2o:h2o-core:3.16.0.5,16
ai.h2o:h2o-core:3.18.0.1,16
ai.h2o:h2o-core:3.18.0.11,15
ai.h2o:h2o-core:3.18.0.10,15
ai.h2o:h2o-core:3.16.0.9,16
ai.h2o:h2o-core:3.18.0.2,16
ai.h2o:h2o-core:3.18.0.3,16
ai.h2o:h2o-core:3.18.0.6,16
ai.h2o:h2o-core:3.18.0.4,16
ai.h2o:h2o-core:3.18.0.5,16
ai.h2o:h2o-core:3.18.0.7,16
ai.h2o:h2o-core:3.2.0.1,17
ai.h2o:h2o-core:3.2.0.4,17
ai.h2o:h2o-core:3.2.0.3,17
ai.h2o:h2o-core:3.18.0.9,16
ai.h2o:h2o-core:3.2.0.2,17
ai.h2o:h2o-core:3.18.0.8,16
ai.h2o:h2o-core:3.2.0.7,17
ai.h2o:h2o-core:3.2.0.8,17
ai.h2o:h2o-core:3.2.0.5,17
ai.h2o:h2o-core:3.2.0.6,17
ai.h2o:h2o-core:3.20.0.4,15
ai.h2o:h2o-core:3.20.0.2,15
ai.h2o:h2o-core:3.20.0.10,15
ai.h2o:h2o-core:3.2.0.9,17
ai.h2o:h2o-core:3.20.0.1,15
ai.h2o:h2o-core:3.20.0.3,15
ai.h2o:h2o-core:3.20.0.6,15
ai.h2o:h2o-core:3.22.0.3,15
ai.h2o:h2o-core:3.20.0.9,15
ai.h2o:h2o-core:3.20.0.5,15
ai.h2o:h2o-core:3.20.0.8,15
ai.h2o:h2o-core:3.20.0.7,15
ai.h2o:h2o-core:3.22.0.5,15
ai.h2o:h2o-core:3.22.0.2,15
ai.h2o:h2o-core:3.22.0.4,15
ai.h2o:h2o-core:3.22.0.1,15
ai.h2o:h2o-core:3.22.1.1,13
ai.h2o:h2o-core:3.22.1.3,13
ai.h2o:h2o-core:3.22.1.2,13
ai.h2o:h2o-core:3.22.1.4,13
ai.h2o:h2o-core:3.24.0.1,13
ai.h2o:h2o-core:3.22.1.5,13
ai.h2o:h2o-core:3.24.0.3,13
ai.h2o:h2o-core:3.24.0.4,13
ai.h2o:h2o-core:3.24.0.2,13
ai.h2o:h2o-core:3.22.1.6,13
ai.h2o:h2o-core:3.24.0.5,13
ai.h2o:h2o-core:3.26.0.10,13
ai.h2o:h2o-core:3.26.0.11,13
ai.h2o:h2o-core:3.26.0.1,13
ai.h2o:h2o-core:3.26.0.2,13
ai.h2o:h2o-core:3.26.0.6,13
ai.h2o:h2o-core:3.26.0.5,13
ai.h2o:h2o-core:3.26.0.4,13
ai.h2o:h2o-core:3.26.0.8,13
ai.h2o:h2o-core:3.26.0.3,13
ai.h2o:h2o-core:3.26.0.9,13
ai.h2o:h2o-core:3.28.0.1,15
ai.h2o:h2o-core:3.28.0.2,15
ai.h2o:h2o-core:3.28.0.4,15
ai.h2o:h2o-core:3.28.0.3,15
ai.h2o:h2o-core:3.28.1.1,15
ai.h2o:h2o-core:3.30.0.2,15
ai.h2o:h2o-core:3.28.1.3,15
ai.h2o:h2o-core:3.30.0.1,15
ai.h2o:h2o-core:3.28.1.2,15
ai.h2o:h2o-core:3.30.0.3,15
ai.h2o:h2o-core:3.30.0.7,15
ai.h2o:h2o-core:3.30.0.5,15
ai.h2o:h2o-core:3.30.0.6,15
ai.h2o:h2o-core:3.32.0.2,15
ai.h2o:h2o-core:3.30.1.1,15
ai.h2o:h2o-core:3.32.0.1,15
ai.h2o:h2o-core:3.30.0.4,15
ai.h2o:h2o-core:3.30.1.3,15
ai.h2o:h2o-core:3.30.1.2,15
ai.h2o:h2o-core:3.32.0.5,15
ai.h2o:h2o-core:3.32.1.5,16
ai.h2o:h2o-core:3.32.1.1,16
ai.h2o:h2o-core:3.32.0.3,15
ai.h2o:h2o-core:3.32.1.3,16
ai.h2o:h2o-core:3.32.1.6,16
ai.h2o:h2o-core:3.32.1.4,16
ai.h2o:h2o-core:3.32.1.7,16
ai.h2o:h2o-core:3.32.1.2,16
ai.h2o:h2o-core:3.32.0.4,15
ai.h2o:h2o-core:3.34.0.1,16
ai.h2o:h2o-core:3.36.0.1,16
ai.h2o:h2o-core:3.35.0.2,16
ai.h2o:h2o-core:3.34.0.8,16
ai.h2o:h2o-core:3.34.0.3,16
ai.h2o:h2o-core:3.34.0.4,16
ai.h2o:h2o-core:3.34.0.7,16
ai.h2o:h2o-core:3.34.0.5,16
ai.h2o:h2o-core:3.34.0.6,16
ai.h2o:h2o-core:3.36.0.2,16
ai.h2o:h2o-core:3.36.1.5,16
ai.h2o:h2o-core:3.36.1.4,16
ai.h2o:h2o-core:3.36.0.4,16
ai.h2o:h2o-core:3.38.0.1,16
ai.h2o:h2o-core:3.36.0.3,16
ai.h2o:h2o-core:3.38.0.3,16
ai.h2o:h2o-core:3.36.1.1,16
ai.h2o:h2o-core:3.36.1.2,16
ai.h2o:h2o-core:3.36.1.3,16
ai.h2o:h2o-core:3.38.0.2,16
ai.h2o:h2o-core:3.38.0.4,16
ai.h2o:h2o-core:3.4.0.1,17
ai.h2o:h2o-core:3.40.0.2,16
ai.h2o:h2o-core:3.40.0.1,16
ai.h2o:h2o-core:3.6.0.10,17
ai.h2o:h2o-core:3.6.0.1,17
ai.h2o:h2o-core:3.6.0.12,17
ai.h2o:h2o-core:3.6.0.3,17
ai.h2o:h2o-core:3.6.0.5,17
ai.h2o:h2o-core:3.6.0.4,17
ai.h2o:h2o-core:3.40.0.4,16
ai.h2o:h2o-core:3.8.0.1,18
ai.h2o:h2o-core:3.6.0.11,17
ai.h2o:h2o-core:3.8.0.2,18
ai.h2o:h2o-core:3.8.0.4,18
ai.h2o:h2o-core:3.6.0.7,17
ai.h2o:h2o-core:3.8.0.3,18
ai.h2o:h2o-core:3.8.0.5,18
ai.h2o:h2o-core:3.6.0.8,17
ai.h2o:h2o-core:3.8.1.1,18
ai.h2o:h2o-core:3.8.2.1,20
ai.h2o:h2o-core:3.8.0.6,18
ai.h2o:h2o-core:3.8.2.11,20
ai.h2o:h2o-core:3.8.1.4,20
ai.h2o:h2o-core:3.8.1.3,19
ai.h2o:h2o-core:3.8.1.2,18
ai.h2o:h2o-core:3.8.2.2,20
ai.h2o:h2o-core:3.8.2.3,20
ai.h2o:h2o-core:3.8.2.6,20
ai.h2o:h2o-core:3.8.2.5,20
ai.h2o:h2o-core:3.8.2.9,20
ai.h2o:h2o-core:3.8.3.3,19
ai.h2o:h2o-core:3.8.2.7,20
ai.h2o:h2o-core:3.8.2.8,20
ai.h2o:h2o-core:3.8.3.2,19
ai.h2o:h2o-core:3.8.3.4,19
ai.h2o:h2o-core:3.8.3.1,19
ai.h2o:h2o-core:3.40.0.3,16
ai.h2o:h2o-core:3.6.0.2,17
ai.h2o:h2o-core:3.8.2.4,20
