parent,dependent
ai.h2o:h2o-core,com.feedzai:openml-h2o
ai.h2o:h2o-core,ai.h2o:sparkling-water-core_2.10
ai.h2o:h2o-core,ai.h2o:h2o-scala_2.10
ai.h2o:h2o-core,com.eharmony:aloha-h2o_2.10
ai.h2o:h2o-core,ai.h2o:h2o-hive
ai.h2o:h2o-core,ai.h2o:h2o-scala_2.11
ai.h2o:h2o-core,ai.h2o:h2o-persist-s3
ai.h2o:h2o-core,ai.h2o:h2o-ext-krbstandalone
ai.h2o:h2o-core,ai.h2o:h2o-parquet-parser
ai.h2o:h2o-core,ai.h2o:h2o-persist-hdfs
ai.h2o:h2o-core,ai.h2o:h2o-orc-parser
ai.h2o:h2o-core,ai.h2o:h2o-algos
ai.h2o:h2o-core,ai.h2o:h2o-k8s-int
ai.h2o:h2o-core,ai.h2o:h2o-persist-http
ai.h2o:h2o-core,ai.h2o:h2o-admissibleml
ai.h2o:h2o-core,ai.h2o:h2o-avro-parser
ai.h2o:h2o-core,ai.h2o:h2o-test-support
ai.h2o:h2o-core,ai.h2o:sparkling-water-core_2.11
ai.h2o:h2o-core,ai.h2o:h2o-persist-gcs
ai.h2o:h2o-core,org.apache.mahout:mahout-h2o_2.10
ai.h2o:h2o-core,ai.h2o:h2o-ext-xgboost
ai.h2o:h2o-core,ai.h2o:h2o-ext-jython-cfunc
ai.h2o:h2o-core,ai.h2o:h2o-ext-authsupport
ai.h2o:h2o-core,ai.h2o:h2o-ext-target-encoder
ai.h2o:h2o-core,ai.h2o:sparkling-water-core_2.12
ai.h2o:h2o-core,ai.h2o:h2o-k8s
ai.h2o:h2o-core,com.eharmony:aloha-h2o_2.11
ai.h2o:h2o-core,com.eharmony:aloha-h2o
ai.h2o:h2o-core,ai.h2o:h2o-ext-mojo-pipeline
ai.h2o:h2o-core,ai.h2o:h2o-app
ai.h2o:h2o-core,ai.h2o:h2o-automl
ai.h2o:h2o-core,ai.h2o:h2o-ext-steam
